"","actor","talk_time_igc2_MGR","talk_time_igc2_ABMT","talk_time_igc2_EIA","talk_time_igc2_CBTT","talk_time_igc2_crosscutting","talk_time_igc2_other","talk_time_igc3_MGR","talk_time_igc3_ABMT","talk_time_igc3_EIA","talk_time_igc3_CBTT","talk_time_igc3_crosscutting","talk_time_igc3_other","talk_fr_igc2_MGR","talk_fr_igc2_ABMT","talk_fr_igc2_EIA","talk_fr_igc2_CBTT","talk_fr_igc2_Cross-Cutting","talk_fr_igc3_MGR","talk_fr_igc3_ABMT","talk_fr_igc3_EIA","talk_fr_igc3_CBTT","talk_fr_igc3_Cross-Cutting","host_side_event_igc1","host_side_event_igc2","host_side_event_igc3","represents_alliance","sci_fr_igc3_MGR","sci_fr_igc3_ABMT","sci_fr_igc3_EIA","sci_fr_igc3_CBTT","sci_fr_igc3_crosscutting","sci_fr_igc2_MGR","sci_fr_igc2_ABMT","sci_fr_igc2_EIA","sci_fr_igc2_CBTT","sci_fr_igc2_crosscutting","frq_sci2","frq_sci3","frq_sci","total_time","agg_total_time","agg_frq_sci","alliance","talk_time_MGR","talk_time_ABMT","talk_time_EIA","talk_time_CBTT","talk_time_crosscutting","participants_CBD_cop18","participants_BBNJ_igc1","participants_BBNJ_igc2","participants_BBNJ_igc3","total_publications","total_citations","avg_citation","degree_centrality","eigen_centrality","member_alliance","PSIDS","CLAM","AOSIS","CARICOM","Least_Developed","Non_UNCLOS_Party","African_Group","G77_and_China","EU","region","continent","maripoldata_regions"
"1","afghanistan"," "," "," "," "," "," "," "," "," "," "," "," "," "," "," "," "," "," "," "," "," "," ",NA,NA,NA,"afghanistan"," "," "," "," "," "," "," "," "," "," "," "," "," "," ","0","0","afghanistan",NA,NA,NA,NA,NA,2,0,0,NA,NA,NA," "," "," "," "," "," "," "," "," "," "," "," "," "," "," "," "
"2","albania"," "," "," "," "," "," "," "," "," "," "," "," "," "," "," "," "," "," "," "," "," "," ",NA,NA,NA,"albania"," "," "," "," "," "," "," "," "," "," "," "," "," "," "," "," ","albania",NA,NA,NA,NA,NA,2,0,0,2,6,14,"2.33333333333333","534","0.00432015825621081"," "," "," "," "," "," "," "," "," "," "," "," "," "
"3","algeria","1412","1596","996","743","1472","479","881","516","251","288","1178","786","9","5","7","7","10","8","2","5","4","18",0,0,0,"African Group","2","0","1","0","0","3","0","1","1","0","5","3","8","9333","9333","8","African Group",2293,2112,1247,1031,2650,5,3,4,2,13,72,"5.53846153846154","328","0.00343186156997426","African Group"," "," "," "," "," "," ","African Group"," "," "," "," "," "
"4","andorra"," "," "," "," "," "," "," "," "," "," "," "," "," "," "," "," "," "," "," "," "," "," ",NA,NA,NA,"andorra"," "," "," "," "," "," "," "," "," "," "," "," "," "," "," "," ","andorra",NA,NA,NA,NA,NA,NA,NA,NA,NA,NA,NA," "," "," "," "," "," "," "," "," "," "," "," "," "," "," "," "
"5","angola","1412","1596","996","743","1472"," ","881","516","251","288","1178"," "," "," "," "," "," "," "," "," "," "," ",NA,NA,NA,"angola"," "," "," "," "," "," "," "," "," "," "," "," "," "," ","9333","8","African Group",2293,2112,1247,1031,2650,7,0,0,NA,NA,NA," "," "," ","African Group"," "," "," "," "," "," ","African Group"," "," "," "," "," "
"6","antigua and barbuda","1724"," ","1572","659","1411"," ","615"," ","1117","222","1589"," "," "," "," "," "," "," "," "," "," "," ",NA,NA,NA,"antigua and barbuda"," "," "," "," "," "," "," "," "," "," "," "," "," "," ","9787","24","CARICOM",2339,NA,2689,881,3000,2,0,0,NA,NA,NA," "," "," ","CARICOM"," "," ","AOSIS","CARICOM"," "," "," "," "," "," "," "," "
"7","argentina","222","1204","1433","539","1387","0","872","210","565","315","133","0","1","4","0","0","0","0","0","0","0","1",0,0,0,"CLAM","0","2","0","0","0","0","2","0","0","0","2","2","4","1559","13452","21","CLAM",1094,1414,1998,854,1520,13,4,4,NA,188,2077,"11.0478723404255","2125","0.0511647567539634","CLAM"," ","CLAM"," "," "," "," "," "," "," "," "," "," "
"8","armenia"," "," "," "," "," "," "," "," "," "," "," "," "," "," "," "," "," "," "," "," "," "," ",NA,NA,NA,"armenia"," "," "," "," "," "," "," "," "," "," "," "," "," "," "," "," ","armenia",NA,NA,NA,NA,NA,1,0,0,NA,1,2,"2","224","0.00219431912289138"," "," "," "," "," "," "," "," "," "," "," "," "," "
"9","aruba"," "," "," "," "," "," "," "," "," "," "," "," "," "," "," "," "," "," "," "," "," "," ",NA,NA,NA,"aruba"," "," "," "," "," "," "," "," "," "," "," "," "," "," "," "," ","aruba",NA,NA,NA,NA,NA,NA,NA,NA,NA,NA,NA," "," "," "," "," "," "," "," "," "," "," "," "," "," "," "," "
"10","australia","512","1551","1312","968","1337","0","612","354","318","251","1870","73","3","4","6","4","6","9","3","4","5","26",0,0,0,"australia","1","4","0","0","3","1","5","0","0","3","9","8","17","9085","9085","17","australia",1124,1905,1630,1219,3207,0,6,8,NA,1925,71969,"37.3864935064935","24515","0.650438065098478"," "," "," "," "," "," "," "," "," "," "," "," "," "
"11","austria","2305","2779","3290","1618","2620"," ","1200","743","1796","802","2991"," "," "," "," "," "," "," "," "," "," "," ",NA,NA,NA,"austria"," "," "," "," "," "," "," "," "," "," "," "," "," "," ","20144","37","eu",3505,3522,5086,2420,5611,23,3,2,NA,120,2755,"22.9583333333333","2233","0.0454462329215482","EU"," "," "," "," "," "," "," "," ","EU"," "," "," "
"12","azerbaijan"," "," "," "," "," "," "," "," "," "," "," "," "," "," "," "," "," "," "," "," "," "," ",NA,NA,NA,"azerbaijan"," "," "," "," "," "," "," "," "," "," "," "," "," "," "," "," ","azerbaijan",NA,NA,NA,NA,NA,1,2,2,NA,8,6,"0.75","179","0.00152488861864424"," "," "," "," "," "," "," "," "," "," "," "," "," "
"13","bahamas","1724"," ","1572","659","1411","0","615"," ","1117","222","1589","0","0","0","0","4","0","0","0","0","0","0",0,1,0,"CARICOM"," "," "," "," "," "," "," "," "," "," "," "," "," ","659","9787","24","CARICOM",2339,NA,2689,881,3000,0,7,7,NA,3,8,"2.66666666666667","111","0.00457657833517568","CARICOM"," "," ","AOSIS","CARICOM"," "," "," "," "," "," "," "," "
"14","bahrain"," "," "," "," "," "," "," "," "," "," "," "," "," "," "," "," "," "," "," "," "," "," ",NA,NA,NA,"bahrain"," "," "," "," "," "," "," "," "," "," "," "," "," "," "," "," ","bahrain",NA,NA,NA,NA,NA,2,0,0,NA,5,34,"6.8","60","0.00137683355023175"," "," "," "," "," "," "," "," "," "," "," "," "," "
"15","bangladesh","212","309","0","112","510","323","0","128","98","45","140","246","1","2","0","1","4","0","1","2","1","3",0,0,0,"bangladesh","0","1","0","0","1","0","1","0","0","1","2","2","4","1554","0","0","bangladesh",212,437,98,157,650,5,4,4,NA,18,153,"8.5","170","0.00355351231856085"," "," "," "," "," "," "," "," "," "," "," "," "," "
"16","barbados","1724"," ","1572","659","1411","504","615"," ","1117","222","51","627","6","0","0","0","2","7","0","0","0","4",0,0,0,"CARICOM","4","0","0","0","1","4","0","0","0","1","5","5","10","2390","9787","24","CARICOM",2339,NA,2689,881,1462,0,4,5,NA,8,148,"18.5","71","0.00249478626754096","CARICOM"," "," ","AOSIS","CARICOM"," "," "," "," "," "," "," "," "
"17","belarus"," "," "," "," "," "," "," "," "," "," "," "," "," "," "," "," "," "," "," "," "," "," ",NA,NA,NA,"belarus"," "," "," "," "," "," "," "," "," "," "," "," "," "," "," "," ","belarus",NA,NA,NA,NA,NA,2,0,0,NA,1,26,"26","116","0.00131336152519899"," "," "," "," "," "," "," "," "," "," "," "," "," "
"18","belgium","2305","2779","3290","1618","2620"," ","1200","743","1796","802","2991"," "," "," "," "," "," "," "," "," "," "," ",NA,NA,NA,"belgium"," "," "," "," "," "," "," "," "," "," "," "," "," "," ","20144","37","eu",3505,3522,5086,2420,5611,24,7,8,11,318,9678,"30.4339622641509","7360","0.173572112354276","EU"," "," "," "," "," "," "," "," ","EU"," "," "," "
"19","belize","383","1373","1572","782","962","341","615","638","1117","222","243","556","2","5","0","4","4","0","3","0","0","6",0,2,0,"AOSIS","0","4","0","0","2","0","3","0","0","1","4","6","10","4381","4381","10","CARICOM",998,2011,2689,1004,1205,4,5,3,NA,2,57,"28.5","66","0.00165908532601989","AOSIS"," "," ","AOSIS"," "," "," "," "," "," "," "," "," "
"20","benin","1412","1596","996","743","1472"," ","881","516","251","288","1178"," "," "," "," "," "," "," "," "," "," "," ",NA,NA,NA,"benin"," "," "," "," "," "," "," "," "," "," "," "," "," "," ","9333","8","African Group",2293,2112,1247,1031,2650,3,0,0,NA,3,4,"1.33333333333333","30","0.000518299420125487","African Group"," "," "," "," "," "," ","African Group"," "," "," "," "," "
"21","bhutan"," "," "," "," "," "," "," "," "," "," "," "," "," "," "," "," "," "," "," "," "," "," ",NA,NA,NA,"bhutan"," "," "," "," "," "," "," "," "," "," "," "," "," "," ","0","0","bhutan",NA,NA,NA,NA,NA,1,0,0,NA,NA,NA," "," "," "," "," "," "," "," "," "," "," "," "," "," "," "," "
"22","bolivia"," "," "," "," "," "," "," "," "," "," "," "," "," "," "," "," "," "," "," "," "," "," ",NA,NA,NA,"bolivia"," "," "," "," "," "," "," "," "," "," "," "," "," "," "," "," ","bolivia",NA,NA,NA,NA,NA,4,0,0,NA,2,13,"6.5","73","0.00152526107253278"," "," "," "," "," "," "," "," "," "," "," "," "," "
"23","bosnia and herzegovina"," "," "," "," "," "," "," "," "," "," "," "," "," "," "," "," "," "," "," "," "," "," ",NA,NA,NA,"bosnia and herzegovina"," "," "," "," "," "," "," "," "," "," "," "," "," "," "," "," ","bosnia and herzegovina",NA,NA,NA,NA,NA,4,0,0,NA,1,2,"2","59","0.00060146322476719"," "," "," "," "," "," "," "," "," "," "," "," "," "
"24","botswana","1412","1596","996","743","1472"," ","881","516","251","288","1178"," "," "," "," "," "," "," "," "," "," "," ",NA,NA,NA,"botswana"," "," "," "," "," "," "," "," "," "," "," "," "," "," ","9333","8","African Group",2293,2112,1247,1031,2650,14,4,4,NA,NA,NA," "," "," ","African Group"," "," "," "," "," "," ","African Group"," "," "," "," "," "
"25","brazil","748","1204","1433","539","1387","0","872","210","565","315","89","0","4","0","0","0","0","7","0","0","0","2",0,0,0,"CLAM","1","0","0","0","0","1","0","0","0","0","1","1","2","1709","13452","21","CLAM",1620,1414,1998,854,1476,66,7,9,NA,833,8774,"10.5330132052821","9332","0.263922021782995","CLAM"," ","CLAM"," "," "," "," "," "," "," "," "," "," "
"26","brunei darussalam"," "," "," "," "," "," "," "," "," "," "," "," "," "," "," "," "," "," "," "," "," "," ",NA,NA,NA,"brunei darussalam"," "," "," "," "," "," "," "," "," "," "," "," "," "," "," "," ","brunei darussalam",NA,NA,NA,NA,NA,0,2,3,NA,NA,NA," "," "," "," "," "," "," "," "," "," "," "," "," "," "," "," "
"27","bulgaria","2305","2779","3290","1618","2620"," ","1200","743","1796","802","2991"," "," "," "," "," "," "," "," "," "," "," ",NA,NA,NA,"bulgaria"," "," "," "," "," "," "," "," "," "," "," "," "," "," ","20144","37","eu",3505,3522,5086,2420,5611,3,6,5,NA,36,114,"3.16666666666667","1244","0.0157364165619919","EU"," "," "," "," "," "," "," "," ","EU"," "," "," "
"28","burkina faso","1412","1596","996","743","1472"," ","881","516","251","288","1178"," "," "," "," "," "," "," "," "," "," "," ",NA,NA,NA,"burkina faso"," "," "," "," "," "," "," "," "," "," "," "," "," "," ","9333","8","African Group",2293,2112,1247,1031,2650,10,4,4,NA,NA,NA," "," "," ","African Group"," "," "," "," "," "," ","African Group"," "," "," "," "," "
"29","burundi","1412","1596","996","743","1472"," ","881","516","251","288","1178"," "," "," "," "," "," "," "," "," "," "," ",NA,NA,NA,"burundi"," "," "," "," "," "," "," "," "," "," "," "," "," "," ","9333","8","African Group",2293,2112,1247,1031,2650,4,NA,0,NA,NA,NA," "," "," ","African Group"," "," "," "," "," "," ","African Group"," "," "," "," "," "
"30","cambodia"," "," "," "," "," "," "," "," "," "," "," "," "," "," "," "," "," "," "," "," "," "," ",NA,NA,NA,"cambodia"," "," "," "," "," "," "," "," "," "," "," "," "," "," ","0","0","cambodia",NA,NA,NA,NA,NA,8,0,0,NA,3,19,"6.33333333333333","121","0.00244675162094947"," "," "," "," "," "," "," "," "," "," "," "," "," "
"31","cameroon","1412","122","665","102","174","184","157","70","105","102","236","142","0","1","4","1","2","2","1","1","1","5",0,0,0,"cameroon","0","1","1","0","2","0","0","1","0","2","3","4","7","1733","9333","8","African Group",1569,192,770,204,410,10,0,3,NA,4,27,"6.75","49","0.00097171526340918","African Group"," "," "," "," "," "," ","African Group"," "," "," "," "," "
"32","canada","575","1859","2446","788","1877","601","462","732","1143","220","2369","397","4","4","6","4","7","3","4","8","4","23",0,2,0,"canada","3","3","4","0","5","3","3","4","0","3","13","15","28","12471","12471","28","canada",1037,2591,3589,1008,4246,36,9,9,NA,962,39558,"41.1205821205821","13364","0.389019661139583"," "," "," "," "," "," "," "," "," "," "," "," "," "
"33","cape verde","1412","1596","996","743","1472"," ","881","516","251","288","1178"," "," "," "," "," "," "," "," "," "," "," ",NA,NA,NA,"cape verde"," "," "," "," "," "," "," "," "," "," "," "," "," "," ","9333","8","African Group",2293,2112,1247,1031,2650,NA,NA,NA,NA,1,0,"0","114","0.00211087067656532","African Group"," "," "," "," "," "," ","African Group"," "," "," "," "," "
"34","central african republic","1412","1596","996","743","1472"," ","881","516","251","288","1178"," "," "," "," "," "," "," "," "," "," "," ",NA,NA,NA,"central african republic"," "," "," "," "," "," "," "," "," "," "," "," "," "," ","9333","8","African Group",2293,2112,1247,1031,2650,3,0,0,NA,2,7,"3.5","17","0.000282015419620183","African Group"," "," "," "," "," "," ","African Group"," "," "," "," "," "
"35","chad","1412","1596","996","743","1472"," ","881","516","251","288","1178"," "," "," "," "," "," "," "," "," "," "," ",NA,NA,NA,"chad"," "," "," "," "," "," "," "," "," "," "," "," "," "," ","9333","8","African Group",2293,2112,1247,1031,2650,5,0,0,NA,NA,NA," "," "," ","African Group"," "," "," "," "," "," ","African Group"," "," "," "," "," "
"36","chile","467","1204","138","539","1387","208","872","210","565","315","1977","657","1","0","1","0","1","0","0","0","0","1",0,0,0,"CLAM","0","0","0","0","1","0","0","0","0","0","0","1","1","605","13452","21","CLAM",1339,1414,703,854,3364,3,7,6,NA,264,5523,"20.9204545454545","4012","0.108317068761903","CLAM"," ","CLAM"," "," "," "," "," "," "," "," "," "," "
"37","china","3413","2017","1210","630","968","747","696","941","451","399","2522","535","11","4","7","4","6","5","4","5","4","20",0,0,0,"china","5","4","2","0","4","5","5","2","0","3","15","15","30","13247","13247","30","china",4109,2958,1661,1029,3490,39,19,18,NA,1440,17964,"12.475","5765","0.148000742377862"," "," "," "," "," "," "," "," "," "," "," "," "," "
"38","colombia","265","1204","1433","539","1387","205","872","210","565","315","1977","399","2","0","0","0","6","0","0","0","0","22",0,0,0,"CLAM","1","0","0","0","1","1","0","0","0","1","2","2","4","3629","13452","21","CLAM",1137,1414,1998,854,3364,6,5,3,NA,66,471,"7.13636363636364","1047","0.0248192641556995","CLAM"," ","CLAM"," "," "," "," "," "," "," "," "," "," "
"39","comoros","1412","1596","996","743","1472"," ","881","516","251","288","1178"," "," "," "," "," "," "," "," "," "," "," ",NA,NA,NA,"comoros"," "," "," "," "," "," "," "," "," "," "," "," "," "," ","9333","8","African Group",2293,2112,1247,1031,2650,1,0,0,NA,1,27,"27","28","0.000543310469831149","African Group"," "," ","AOSIS"," "," "," ","African Group"," "," "," "," "," "
"40","congo, democratic republic of","1412","1596","996","743","1472"," ","881","516","251","288","1178"," "," "," "," "," "," "," "," "," "," "," ",NA,NA,NA,"congo, democratic republic of"," "," "," "," "," "," "," "," "," "," "," "," "," "," ","9333","8","African Group",2293,2112,1247,1031,2650,NA,NA,NA,NA,NA,NA," "," "," ","African Group"," "," "," "," "," "," ","African Group"," "," "," "," "," "
"41","cook islands","383","77","1572","782","962","0","615","638","1117","222","243","0","0","1","0","0","0","0","0","0","0","0",0,0,0,"cook islands"," "," "," "," "," "," "," "," "," "," "," "," "," ","77","4381","10","AOSIS",998,715,2689,1004,1205,1,0,1,NA,NA,NA," "," "," ","AOSIS"," "," ","AOSIS"," "," "," "," "," "," "," "," "," "
"42","costa rica","748","1204","1433","539","1387","0","872","210","565","315","1977","203","0","0","0","0","0","0","4","0","0","2",0,0,2,"CLAM"," "," "," "," "," "," "," "," "," "," "," "," "," ","210","13452","21","CLAM",1620,1414,1998,854,3364,16,8,8,NA,40,1381,"34.525","723","0.018658018004819","CLAM"," ","CLAM"," "," "," "," "," "," "," "," "," "," "
"43","cote divoire","28","1596","996","743","1472","0","881","516","251","288","1178","0","1","0","0","0","0","0","0","0","0","0",0,0,0,"cote divoire"," "," "," "," "," "," "," "," "," "," "," "," "," ","28","9333","8","African Group",909,2112,1247,1031,2650,5,1,4,NA,NA,NA," "," "," ","African Group"," "," "," "," "," "," ","African Group"," "," "," "," "," "
"44","croatia","2305","2779","3290","1618","2620"," ","1200","743","1796","802","2991"," "," "," "," "," "," "," "," "," "," "," ",NA,NA,NA,"croatia"," "," "," "," "," "," "," "," "," "," "," "," "," "," ","20144","37","eu",3505,3522,5086,2420,5611,3,3,3,NA,85,710,"8.35294117647059","1615","0.0238986380981013","EU"," "," "," "," "," "," "," "," ","EU"," "," "," "
"45","cuba","807","33","102","782","962","164","385","462","1117","62","466","0","4","1","1","0","1","3","2","0","1","6",0,0,0,"cuba","3","1","0","0","1","3","1","0","0","0","4","5","9","2317","4381","10","AOSIS",1192,495,1219,844,1428,2,4,5,NA,9,244,"27.1111111111111","146","0.00278984796311318","AOSIS"," "," ","AOSIS"," "," "," "," "," "," "," "," "," "
"46","cyprus","2305","2779","3290","1618","2620"," ","1200","743","1796","802","2991"," "," "," "," "," "," "," "," "," "," "," ",NA,NA,NA,"cyprus"," "," "," "," "," "," "," "," "," "," "," "," "," "," ","20144","37","eu",3505,3522,5086,2420,5611,NA,4,4,NA,5,12,"2.4","1085","0.0126916635794687","EU"," "," "," "," "," "," "," "," ","EU"," "," "," "
"47","czech republic","2305","2779","3290","1618","2620"," ","1200","743","1796","802","2991"," "," "," "," "," "," "," "," "," "," "," ",NA,NA,NA,"czech republic"," "," "," "," "," "," "," "," "," "," "," "," "," "," ","20144","37","eu",3505,3522,5086,2420,5611,4,5,5,NA,76,1746,"22.9736842105263","1769","0.0324265830446721","EU"," "," "," "," "," "," "," "," ","EU"," "," "," "
"48","denmark","2305","2779","3290","1618","2620"," ","1200","743","1796","802","2991"," "," "," "," "," "," "," "," "," "," "," ",NA,NA,NA,"denmark"," "," "," "," "," "," "," "," "," "," "," "," "," "," ","20144","37","eu",3505,3522,5086,2420,5611,9,5,6,NA,228,6398,"28.0614035087719","5269","0.119256431948936","EU"," "," "," "," "," "," "," "," ","EU"," "," "," "
"49","djibouti","1412","1596","996","743","1472"," ","881","516","251","288","1178"," "," "," "," "," "," "," "," "," "," "," ",NA,NA,NA,"djibouti"," "," "," "," "," "," "," "," "," "," "," "," "," "," ","9333","8","African Group",2293,2112,1247,1031,2650,2,5,0,NA,NA,NA," "," "," ","African Group"," "," "," "," "," "," ","African Group"," "," "," "," "," "
"50","dominica","1724"," ","1572","659","1411"," ","615"," ","1117","222","1589"," "," "," "," "," "," "," "," "," "," "," ",NA,NA,NA,"dominica"," "," "," "," "," "," "," "," "," "," "," "," "," "," ","9787","24","CARICOM",2339,NA,2689,881,3000,NA,NA,NA,NA,1,1,"1","2","5.61380205054938e-05","CARICOM"," "," ","AOSIS","CARICOM"," "," "," "," "," "," "," "," "
"51","dominican republic","748","1204","1433","539","1387","170","135","184","565","315","133","0","0","0","0","0","1","2","1","0","0","2",0,0,0,"CLAM","0","1","0","0","0","0","1","0","0","0","1","1","2","452","13452","21","CLAM",883,1388,1998,854,1520,3,4,3,NA,NA,NA," "," "," ","CLAM"," ","CLAM","AOSIS"," "," "," "," "," "," "," "," "," "
"52","ecuador","0","95","0","0","0","412","155","133","118","0","264","441","0","1","0","0","2","1","2","1","0","6",0,0,0,"ecuador","0","0","0","0","2","0","0","0","0","1","1","2","3","765","765","3","ecuador",155,228,118,0,264,12,7,5,NA,16,105,"6.5625","872","0.0256801071158879"," "," "," "," "," "," "," "," "," "," "," "," "," "
"53","egypt","1412","1596","996","743","1472","0","881","516","251","288","1178","215","0","0","0","0","0","0","0","0","0","2",0,0,0,"egypt"," "," "," "," "," "," "," "," "," "," "," "," "," ","0","9333","8","African Group",2293,2112,1247,1031,2650,228,4,4,NA,66,679,"10.2878787878788","766","0.0136077499357603","African Group"," "," "," "," "," "," ","African Group"," "," "," "," "," "
"54","el salvador","748","1204","1433","539","1387","0","872","210","565","147","309","46","0","0","0","0","0","0","0","0","3","4",0,0,0,"CLAM"," "," "," "," "," "," "," "," "," "," "," "," "," ","456","13452","21","CLAM",1620,1414,1998,686,1696,4,5,7,NA,2,1,"0.5","37","0.00130901439382755","CLAM"," ","CLAM"," "," "," "," "," "," "," "," "," "," "
"55","equatorial guinea","1412","1596","996","743","1472"," ","881","516","251","288","1178"," "," "," "," "," "," "," "," "," "," "," ",NA,NA,NA,"equatorial guinea"," "," "," "," "," "," "," "," "," "," "," "," "," "," ","9333","8","African Group",2293,2112,1247,1031,2650,1,1,0,NA,NA,NA," "," "," ","African Group"," "," "," "," "," "," ","African Group"," "," "," "," "," "
"56","eritrea","511","1068","520","537","1472","669","298","639","113","288","62","238","2","2","2","2","2","2","2","2","0","3",0,0,0,"eritrea","3","2","1","0","1","3","2","1","0","1","7","7","14","3748","9333","8","African Group",809,1707,633,825,1534,1,0,4,NA,NA,NA," "," "," ","African Group"," "," "," "," "," "," ","African Group"," "," "," "," "," "
"57","estonia","2305","2779","3290","1618","2620"," ","1200","743","1796","802","2991"," "," "," "," "," "," "," "," "," "," "," ",NA,NA,NA,"estonia"," "," "," "," "," "," "," "," "," "," "," "," "," "," ","20144","37","eu",3505,3522,5086,2420,5611,5,5,5,NA,54,913,"16.9074074074074","1110","0.0178577786933557","EU"," "," "," "," "," "," "," "," ","EU"," "," "," "
"58","ethiopia","1412","1596","996","743","1472"," ","881","516","251","288","1178"," "," "," "," "," "," "," "," "," "," "," ",NA,NA,NA,"ethiopia"," "," "," "," "," "," "," "," "," "," "," "," "," "," ","9333","8","African Group",2293,2112,1247,1031,2650,11,0,2,NA,8,31,"3.875","36","0.00065847655108819","African Group"," "," "," "," "," "," ","African Group"," "," "," "," "," "
"59","eu","2305","2779","3290","1618","2620","1040","1200","743","1796","802","2991","942","6","4","8","4","10","9","4","10","6","36",NA,NA,NA,"eu","3","3","6","1","6","3","4","5","1","5","18","19","37","20144","20144","37","eu",3505,3522,5086,2420,5611,NA,NA,NA,NA,NA,NA," "," "," "," "," "," "," "," "," "," "," "," "," "," "," "," "
"60","faeroe islands"," "," "," "," "," "," "," "," "," "," "," "," "," "," "," "," "," "," "," "," "," "," ",NA,NA,NA,"faeroe islands"," "," "," "," "," "," "," "," "," "," "," "," "," "," "," "," ","faeroe islands",NA,NA,NA,NA,NA,NA,NA,NA,NA,NA,NA," "," "," "," "," "," "," "," "," "," "," "," "," "," "," "," "
"61","federated states of micronesia","692","3083","565","367","2472","753","1029","954","483","770","155","415","3","5","3","1","2","0","5","0","0","4",0,1,0,"PSIDS","1","5","0","0","2","1","5","0","0","4","10","8","18","5816","5","0","PSIDS",1721,4037,1048,1137,2627,NA,NA,NA,NA,NA,NA," "," "," ","AOSIS","PSIDS"," ","AOSIS"," "," "," "," "," "," "," "," "," "
"62","fiji","2321","3083","1186","1564","2472","603","1029","954","483","770","116","887","11","0","0","0","2","11","0","0","0","5",0,0,0,"PSIDS","2","0","0","0","1","2","0","0","0","1","3","3","6","3466","18670","53","PSIDS",3350,4037,1669,2334,2588,1,8,8,NA,10,146,"14.6","208","0.00663729000800186","AOSIS","PSIDS"," ","AOSIS"," "," "," "," "," "," "," "," "," "
"63","finland","2305","2779","3290","1618","2620"," ","1200","743","1796","802","2991"," "," "," "," "," "," "," "," "," "," "," ",NA,NA,NA,"finland"," "," "," "," "," "," "," "," "," "," "," "," "," "," ","20144","37","eu",3505,3522,5086,2420,5611,28,5,5,NA,240,5951,"24.7958333333333","3103","0.0665918687238069","EU"," "," "," "," "," "," "," "," ","EU"," "," "," "
"64","france","2305","2779","3290","1618","2620","0","1200","743","1796","802","2991","0","0","0","0","0","0","0","0","0","0","0",0,1,1,"france","1","0","0","0","0","1","0","0","0","0","1","1","2","0","20144","37","eu",3505,3522,5086,2420,5611,34,9,11,NA,1310,36098,"27.5557251908397","21232","0.434131704115358","EU"," "," "," "," "," "," "," "," ","EU"," "," "," "
"65","gabon","1412","1596","996","743","1472"," ","881","516","251","288","1178"," "," "," "," "," "," "," "," "," "," "," ",NA,NA,NA,"gabon"," "," "," "," "," "," "," "," "," "," "," "," "," "," ","9333","8","African Group",2293,2112,1247,1031,2650,5,4,2,NA,NA,NA," "," "," ","African Group"," "," "," "," "," "," ","African Group"," "," "," "," "," "
"66","gambia","1412","1596","996","743","1472"," ","881","516","251","288","1178"," "," "," "," "," "," "," "," "," "," "," ",NA,NA,NA,"gambia"," "," "," "," "," "," "," "," "," "," "," "," "," "," ","9333","8","African Group",2293,2112,1247,1031,2650,4,4,5,NA,NA,NA," "," "," ","African Group"," "," "," "," "," "," ","African Group"," "," "," "," "," "
"67","georgia"," "," "," "," "," "," "," "," "," "," "," "," "," "," "," "," "," "," "," "," "," "," ",NA,NA,NA,"georgia"," "," "," "," "," "," "," "," "," "," "," "," "," "," "," "," ","georgia",NA,NA,NA,NA,NA,4,NA,0,NA,4,25,"6.25","298","0.00379448711082859"," "," "," "," "," "," "," "," "," "," "," "," "," "
"68","germany","2305","2779","3290","1618","2620","0","1200","743","1796","802","2991","0","0","0","0","0","0","0","0","0","0","0",1,1,1,"germany"," "," "," "," "," "," "," "," "," "," "," "," "," ","0","20144","37","eu",3505,3522,5086,2420,5611,35,13,19,NA,1164,30409,"26.1245704467354","20239","0.456623606136718","EU"," "," "," "," "," "," "," "," ","EU"," "," "," "
"69","ghana","1412","1596","996","743","1472","148","41","516","251","288","1178","0","0","0","0","0","1","1","0","0","0","0",0,0,0,"ghana"," "," "," "," "," "," "," "," "," "," "," "," "," ","41","9333","8","African Group",1453,2112,1247,1031,2650,10,3,6,NA,5,16,"3.2","107","0.0027237433373795","African Group"," "," "," "," "," "," ","African Group"," "," "," "," "," "
"70","greece","2305","2779","3290","1618","2620"," ","1200","743","1796","802","2991"," "," "," "," "," "," "," "," "," "," "," ",NA,NA,NA,"greece"," "," "," "," "," "," "," "," "," "," "," "," "," "," ","20144","37","eu",3505,3522,5086,2420,5611,4,3,3,NA,277,4517,"16.3068592057762","5037","0.0694738379752863","EU"," "," "," "," "," "," "," "," ","EU"," "," "," "
"71","greenland"," "," "," "," "," "," "," "," "," "," "," "," "," "," "," "," "," "," "," "," "," "," ",NA,NA,NA,"greenland"," "," "," "," "," "," "," "," "," "," "," "," "," "," "," "," ","greenland",NA,NA,NA,NA,NA,NA,NA,NA,NA,2,2,"1","221","0.00379508101790462"," "," "," "," "," "," "," "," "," "," "," "," "," "
"72","grenada","1724"," ","1572","659","1411"," ","615"," ","1117","222","1589"," "," "," "," "," "," "," "," "," "," "," ",NA,NA,NA,"grenada"," "," "," "," "," "," "," "," "," "," "," "," "," "," ","9787","24","CARICOM",2339,NA,2689,881,3000,3,2,2,NA,NA,NA," "," "," ","CARICOM"," "," ","AOSIS","CARICOM"," "," "," "," "," "," "," "," "
"73","guatemala","748","1204","1433","539","1387","251","872","210","164","315","1977","0","0","0","0","0","1","0","0","2","0","0",0,0,0,"CLAM","0","0","1","0","0","0","0","1","0","0","1","1","2","164","13452","21","CLAM",1620,1414,1597,854,3364,3,4,3,NA,NA,NA," "," "," ","CLAM"," ","CLAM"," "," "," "," "," "," "," "," "," "," "
"74","guinea","1412","1596","996","743","1472"," ","881","516","251","288","1178"," "," "," "," "," "," "," "," "," "," "," ",NA,NA,NA,"guinea"," "," "," "," "," "," "," "," "," "," "," "," "," "," ","9333","8","African Group",2293,2112,1247,1031,2650,3,0,4,NA,1,2,"2","76","0.0012509558704041","African Group"," "," "," "," "," "," ","African Group"," "," "," "," "," "
"75","guinea-bissau","1412","1596","996","743","1472"," ","881","516","251","288","1178"," "," "," "," "," "," "," "," "," "," "," ",NA,NA,NA,"guinea-bissau"," "," "," "," "," "," "," "," "," "," "," "," "," "," ","9333","8","African Group",2293,2112,1247,1031,2650,NA,NA,NA,NA,NA,NA," "," "," ","African Group"," "," ","AOSIS"," "," "," ","African Group"," "," "," "," "," "
"76","guyana","1724"," ","1572","659","1411"," ","615"," ","1117","222","1589"," "," "," "," "," "," "," "," "," "," "," ",NA,NA,NA,"guyana"," "," "," "," "," "," "," "," "," "," "," "," "," "," ","9787","24","CARICOM",2339,NA,2689,881,3000,5,4,4,NA,NA,NA," "," "," ","CARICOM"," "," ","AOSIS","CARICOM"," "," "," "," "," "," "," "," "
"77","haiti","1724"," ","1572","659","1411"," ","615"," ","1117","222","1589"," "," "," "," "," "," "," "," "," "," "," ",NA,NA,NA,"haiti"," "," "," "," "," "," "," "," "," "," "," "," "," "," ","9787","24","CARICOM",2339,NA,2689,881,3000,2,0,0,NA,NA,NA," "," "," ","CARICOM"," "," ","AOSIS","CARICOM"," "," "," "," "," "," "," "," "
"78","holy see","2218","760","1243","0","2016","457","140","0","0","0","148","0","3","2","6","0","6","2","0","0","0","3",0,0,0,"holy see","3","1","0","0","1","3","1","0","0","2","6","5","11","6525","6525","11","holy see",2358,760,1243,0,2164,3,0,4,NA,NA,NA," "," "," "," "," "," "," "," "," "," "," "," "," "," "," "," "
"79","honduras","748","1204","1433","539","1387","0","872","210","565","315","113","0","0","0","0","2","0","0","0","0","3","2",0,0,0,"CLAM"," "," "," "," "," "," "," "," "," "," "," "," "," ","967","13452","21","CLAM",1620,1414,1998,854,1500,9,5,6,NA,1,0,"0","12","0.000307597944238264","CLAM"," ","CLAM"," "," "," "," "," "," "," "," "," "," "
"80","hong kong"," "," "," "," "," "," "," "," "," "," "," "," "," "," "," "," "," "," "," "," "," "," ",NA,NA,NA,"hong kong"," "," "," "," "," "," "," "," "," "," "," "," "," "," "," "," ","hong kong",NA,NA,NA,NA,NA,NA,NA,NA,NA,NA,NA," "," "," "," "," "," "," "," "," "," "," "," "," "," "," "," "
"81","hungary","2305","2779","3290","1618","2620"," ","1200","743","1796","802","2991"," "," "," "," "," "," "," "," "," "," "," ",NA,NA,NA,"hungary"," "," "," "," "," "," "," "," "," "," "," "," "," "," ","20144","37","eu",3505,3522,5086,2420,5611,2,4,4,NA,21,290,"13.8095238095238","542","0.0093341215339267","EU"," "," "," "," "," "," "," "," ","EU"," "," "," "
"82","iceland","973","973","254","0","1205","259","502","86","0","0","884","514","2","4","1","0","7","4","1","0","0","17",0,0,0,"iceland","2","1","0","0","2","3","0","0","0","1","4","5","9","4877","4877","9","iceland",1475,1059,254,0,2089,2,5,6,NA,19,221,"11.6315789473684","1081","0.0255098320117681"," "," "," "," "," "," "," "," "," "," "," "," "," "
"83","india","128","465","507","739","131","180","0","0","61","62","0","147","1","3","4","4","2","0","1","2","1","2",0,0,0,"india","1","0","2","0","1","1","1","2","1","1","6","4","10","2093","2093","10","india",128,465,568,801,131,5,7,6,NA,527,5267,"9.99430740037951","1904","0.0457082028646522"," "," "," "," "," "," "," "," "," "," "," "," "," "
"84","indonesia","309","0","590","522","0","254","776","0","309","36","498","316","3","0","4","4","8","6","1","4","3","16",0,0,0,"indonesia","0","0","1","0","0","0","0","1","0","0","1","1","2","3040","3040","2","indonesia",1085,0,899,558,498,32,10,6,NA,76,279,"3.67105263157895","1977","0.0482847479057003"," "," "," "," "," "," "," "," "," "," "," "," "," "
"85","iran","474","0","123","156","47","461","186","0","0","92","119","167","5","0","2","1","3","3","0","0","2","5",0,0,0,"iran","0","0","0","0","1","0","0","0","0","1","1","1","2","1197","1197","2","iran",660,0,123,248,166,3,6,4,NA,133,631,"4.74436090225564","608","0.0120250881982134"," "," "," "," "," "," "," "," "," "," "," "," "," "
"86","iraq"," "," "," "," "," "," "," "," "," "," "," "," "," "," "," "," "," "," "," "," "," "," ",NA,NA,NA,"iraq"," "," "," "," "," "," "," "," "," "," "," "," "," "," "," "," ","iraq",NA,NA,NA,NA,NA,7,4,2,NA,NA,NA," "," "," "," "," "," "," "," "," "," "," "," "," "," "," "," "
"87","ireland","2305","2779","3290","1618","2620","0","1200","743","1796","802","2991","0","0","0","0","0","0","0","0","0","0","0",0,0,1,"ireland"," "," "," "," "," "," "," "," "," "," "," "," "," ","0","20144","37","eu",3505,3522,5086,2420,5611,3,5,4,NA,130,3602,"27.7076923076923","2939","0.0664600537386742","EU"," "," "," "," "," "," "," "," ","EU"," "," "," "
"88","israel","0","0","0","0","0","0","0","54","125","0","181","0","0","0","0","0","0","0","1","1","0","3",0,0,0,"israel","0","0","1","0","0","0","0","1","0","0","1","1","2","360","360","2","israel",0,54,125,0,181,10,6,3,NA,174,3890,"22.3563218390805","2804","0.0594566102917236"," "," "," "," "," "," "," "," "," "," "," "," "," "
"89","italy","2305","2779","3290","1618","2620"," ","1200","743","1796","802","2991"," "," "," "," "," "," "," "," "," "," "," ",NA,NA,NA,"italy"," "," "," "," "," "," "," "," "," "," "," "," "," "," ","20144","37","eu",3505,3522,5086,2420,5611,9,3,3,NA,1368,27961,"20.4393274853801","14613","0.257747222208437","EU"," "," "," "," "," "," "," "," ","EU"," "," "," "
"90","jamaica","1724"," ","73","266","1411","0","615"," ","1117","222","1589","0","0","0","1","1","5","0","0","0","0","16",1,0,0,"CARICOM","0","0","0","0","3","0","0","0","0","2","2","3","5","3339","9787","24","CARICOM",2339,NA,1190,488,3000,4,4,3,NA,6,16,"2.66666666666667","69","0.00192123094064636","CARICOM"," "," ","AOSIS","CARICOM"," "," "," "," "," "," "," "," "
"91","japan","1217","1274","604","828","625","1123","389","600","354","111","1276","330","3","4","5","4","6","7","3","5","4","22",0,0,0,"japan","2","4","1","0","3","2","4","1","0","2","9","10","19","7278","7278","19","japan",1606,1874,958,939,1901,44,21,21,NA,650,10394,"15.9907692307692","6498","0.142046100371039"," "," "," "," "," "," "," "," "," "," "," "," "," "
"92","jordan"," "," "," "," "," "," "," "," "," "," "," "," "," "," "," "," "," "," "," "," "," "," ",NA,NA,NA,"jordan"," "," "," "," "," "," "," "," "," "," "," "," "," "," "," "," ","jordan",NA,NA,NA,NA,NA,10,0,0,NA,11,96,"8.72727272727273","89","0.00141869170218288"," "," "," "," "," "," "," "," "," "," "," "," "," "
"93","kazakhstan"," "," "," "," "," "," "," "," "," "," "," "," "," "," "," "," "," "," "," "," "," "," ",NA,NA,NA,"kazakhstan"," "," "," "," "," "," "," "," "," "," "," "," "," "," "," "," ","kazakhstan",NA,NA,NA,NA,NA,NA,NA,NA,NA,6,18,"3","68","0.000666652449991478"," "," "," "," "," "," "," "," "," "," "," "," "," "
"94","kenya","1412","162","996","196","1472","0","881","516","251","288","1178","98","0","1","0","1","0","0","0","0","0","2",0,0,0,"kenya"," "," "," "," "," "," "," "," "," "," "," "," "," ","358","9333","8","African Group",2293,678,1247,484,2650,32,6,7,NA,30,720,"24","922","0.0245666694159868","African Group"," "," "," "," "," "," ","African Group"," "," "," "," "," "
"95","kiribati","383","1373","1572","782","962","0","615","351","1117","222","243","0","0","0","0","0","0","0","2","0","0","0",0,0,0,"kiribati","0","1","0","0","0","0","0","0","0","0","0","1","1","351","4381","10","AOSIS",998,1724,2689,1004,1205,1,4,0,NA,NA,NA," "," "," ","AOSIS"," "," ","AOSIS"," "," "," "," "," "," "," "," "," "
"96","korea, democratic peoples republic"," "," "," "," "," "," "," "," "," "," "," "," "," "," "," "," "," "," "," "," "," "," ",NA,NA,NA,"korea, democratic peoples republic"," "," "," "," "," "," "," "," "," "," "," "," "," "," "," "," ","korea, democratic peoples republic",NA,NA,NA,NA,NA,NA,NA,NA,NA,NA,NA," "," "," "," "," "," "," "," "," "," "," "," "," "," "," "," "
"97","kuwait"," "," "," "," "," "," "," "," "," "," "," "," "," "," "," "," "," "," "," "," "," "," ",NA,NA,NA,"kuwait"," "," "," "," "," "," "," "," "," "," "," "," "," "," "," "," ","kuwait",NA,NA,NA,NA,NA,5,0,3,NA,14,92,"6.57142857142857","145","0.00381018127792592"," "," "," "," "," "," "," "," "," "," "," "," "," "
"98","kyrgyzstan"," "," "," "," "," "," "," "," "," "," "," "," "," "," "," "," "," "," "," "," "," "," ",NA,NA,NA,"kyrgyzstan"," "," "," "," "," "," "," "," "," "," "," "," "," "," "," "," ","kyrgyzstan",NA,NA,NA,NA,NA,3,0,0,NA,NA,NA," "," "," "," "," "," "," "," "," "," "," "," "," "," "," "," "
"99","laos"," "," "," "," "," "," "," "," "," "," "," "," "," "," "," "," "," "," "," "," "," "," ",NA,NA,NA,"laos"," "," "," "," "," "," "," "," "," "," "," "," "," "," ","0","0","laos",NA,NA,NA,NA,NA,NA,NA,NA,NA,1,30,"30","68","0.00113251928112967"," "," "," "," "," "," "," "," "," "," "," "," "," "
"100","latvia","2305","2779","3290","1618","2620"," ","1200","743","1796","802","2991"," "," "," "," "," "," "," "," "," "," "," ",NA,NA,NA,"latvia"," "," "," "," "," "," "," "," "," "," "," "," "," "," ","20144","37","eu",3505,3522,5086,2420,5611,2,3,3,NA,11,32,"2.90909090909091","303","0.00335998859845883","EU"," "," "," "," "," "," "," "," ","EU"," "," "," "
"101","lebanon"," "," "," "," "," "," "," "," "," "," "," "," "," "," "," "," "," "," "," "," "," "," ",NA,NA,NA,"lebanon"," "," "," "," "," "," "," "," "," "," "," "," "," "," "," "," ","lebanon",NA,NA,NA,NA,NA,1,5,0,NA,13,47,"3.61538461538462","266","0.00229203478051121"," "," "," "," "," "," "," "," "," "," "," "," "," "
"102","lesotho","1412","1596","996","743","1472"," ","881","516","251","288","1178"," "," "," "," "," "," "," "," "," "," "," ",NA,NA,NA,"lesotho"," "," "," "," "," "," "," "," "," "," "," "," "," "," ","9333","8","African Group",2293,2112,1247,1031,2650,3,0,0,NA,NA,NA," "," "," ","African Group"," "," "," "," "," "," ","African Group"," "," "," "," "," "
"103","liberia","1412","1596","996","743","1472"," ","881","516","251","288","1178"," "," "," "," "," "," "," "," "," "," "," ",NA,NA,NA,"liberia"," "," "," "," "," "," "," "," "," "," "," "," "," "," ","9333","8","African Group",2293,2112,1247,1031,2650,3,0,0,NA,NA,NA," "," "," ","African Group"," "," "," "," "," "," ","African Group"," "," "," "," "," "
"104","libya","1412","1596","996","743","1472"," ","881","516","251","288","1178"," "," "," "," "," "," "," "," "," "," "," ",NA,NA,NA,"libya"," "," "," "," "," "," "," "," "," "," "," "," "," "," ","9333","8","African Group",2293,2112,1247,1031,2650,1,0,0,NA,4,3,"0.75","31","0.000321467039558497","African Group"," "," "," "," "," "," ","African Group"," "," "," "," "," "
"105","liechtenstein"," "," "," "," "," "," "," "," "," "," "," "," "," "," "," "," "," "," "," "," "," "," ",NA,NA,NA,"liechtenstein"," "," "," "," "," "," "," "," "," "," "," "," "," "," "," "," ","liechtenstein",NA,NA,NA,NA,NA,2,0,0,NA,NA,NA," "," "," "," "," "," "," "," "," "," "," "," "," "," "," "," "
"106","lithuania","2305","2779","3290","1618","2620"," ","1200","743","1796","802","2991"," "," "," "," "," "," "," "," "," "," "," ",NA,NA,NA,"lithuania"," "," "," "," "," "," "," "," "," "," "," "," "," "," ","20144","37","eu",3505,3522,5086,2420,5611,2,3,3,NA,27,396,"14.6666666666667","996","0.0161456007330179","EU"," "," "," "," "," "," "," "," ","EU"," "," "," "
"107","luxembourg","2305","2779","3290","1618","2620"," ","1200","743","1796","802","2991"," "," "," "," "," "," "," "," "," "," "," ",NA,NA,NA,"luxembourg"," "," "," "," "," "," "," "," "," "," "," "," "," "," ","20144","37","eu",3505,3522,5086,2420,5611,4,0,0,NA,7,74,"10.5714285714286","261","0.00324684866127769","EU"," "," "," "," "," "," "," "," ","EU"," "," "," "
"108","macedonia"," "," "," "," "," "," "," "," "," "," "," "," "," "," "," "," "," "," "," "," "," "," ",NA,NA,NA,"macedonia"," "," "," "," "," "," "," "," "," "," "," "," "," "," "," "," ","macedonia",NA,NA,NA,NA,NA,NA,NA,NA,NA,4,35,"8.75","123","0.00125451755331912"," "," "," "," "," "," "," "," "," "," "," "," "," "
"109","madagascar","1412","1596","996","743","1472"," ","881","516","251","288","1178"," "," "," "," "," "," "," "," "," "," "," ",NA,NA,NA,"madagascar"," "," "," "," "," "," "," "," "," "," "," "," "," "," ","9333","8","African Group",2293,2112,1247,1031,2650,19,4,4,NA,7,59,"8.42857142857143","537","0.0152154047073527","African Group"," "," "," "," "," "," ","African Group"," "," "," "," "," "
"110","malawi"," "," "," "," "," ","0"," "," "," "," "," ","667","0","0","0","0","0","0","0","0","0","2",0,0,0,"Least Developed"," "," "," "," "," "," "," "," "," "," "," "," "," ","0","9333","8","Least Developed",NA,NA,NA,NA,NA,6,0,0,NA,NA,NA," "," "," ","African Group"," "," "," "," ","Least Developed"," ","African Group"," "," "," "," "," "
"111","malaysia","0","0","0","0","0","0","34","0","0","0","0","0","0","0","0","0","0","1","0","0","0","0",0,0,0,"malaysia"," "," "," "," "," "," "," "," "," "," "," "," "," ","34","34"," ","malaysia",34,0,0,0,0,17,4,3,NA,91,675,"7.41758241758242","1542","0.0279264990338567"," "," "," "," "," "," "," "," "," "," "," "," "," "
"112","maldives","99","1373","1572","782","962","0","101","270","1117","226","199","0","1","0","0","0","0","1","2","0","2","8",1,0,0,"maldives"," "," "," "," "," "," "," "," "," "," "," "," "," ","895","4381","10","AOSIS",200,1643,2689,1008,1161,8,9,8,NA,1,3,"3","78","0.00171908844090264","AOSIS"," "," ","AOSIS"," "," "," "," "," "," "," "," "," "
"113","mali","1412","1596","996","743","1472","172","881","516","251","288","1178","0","0","0","0","0","2","0","0","0","0","0",0,0,0,"mali"," "," "," "," "," "," "," "," "," "," "," "," "," ","0","9333","8","African Group",2293,2112,1247,1031,2650,6,4,4,NA,NA,NA," "," "," ","African Group"," "," "," "," "," "," ","African Group"," "," "," "," "," "
"114","malta","2305","2779","3290","1618","2620"," ","1200","743","1796","802","2991"," "," "," "," "," "," "," "," "," "," "," ",NA,NA,NA,"malta"," "," "," "," "," "," "," "," "," "," "," "," "," "," ","20144","37","eu",3505,3522,5086,2420,5611,3,3,3,NA,8,94,"11.75","780","0.00831587946033507","EU"," "," "," "," "," "," "," "," ","EU"," "," "," "
"115","marshall islands","383","1373","166","782","185","0","615","638","1117","222","243","0","0","0","1","0","1","0","0","0","0","0",0,0,0,"marshall islands","0","0","0","0","1","0","0","0","0","1","1","1","2","351","4381","10","AOSIS",998,2011,1283,1004,428,1,6,6,NA,NA,NA," "," "," ","AOSIS"," "," ","AOSIS"," "," "," "," "," "," "," "," "," "
"116","mauritania","1412","1596","996","743","1472"," ","881","516","251","288","1178"," "," "," "," "," "," "," "," "," "," "," ",NA,NA,NA,"mauritania"," "," "," "," "," "," "," "," "," "," "," "," "," "," ","9333","8","African Group",2293,2112,1247,1031,2650,8,NA,0,NA,1,4,"4","45","0.00110321673796229","African Group"," "," "," "," "," "," ","African Group"," "," "," "," "," "
"117","mauritius","425","1596","996","272","1472","119","212","689","251","288","57","44","2","0","0","2","1","2","3","0","0","3",0,0,0,"mauritius","1","2","0","0","1","1","1","0","0","1","3","4","7","1655","9333","8","African Group",637,2285,1247,560,1529,2,5,6,NA,9,52,"5.77777777777778","225","0.00497886503819216","African Group"," "," ","AOSIS"," "," "," ","African Group"," "," "," "," "," "
"118","mexico","704","140","1433","539","1387","358","872","210","565","315","651","0","2","1","0","0","1","0","0","0","0","6",0,0,0,"CLAM","1","0","0","0","0","1","0","0","0","0","1","1","2","1495","13452","21","CLAM",1576,350,1998,854,2038,23,6,0,NA,316,3434,"10.8670886075949","3091","0.0944514117071121","CLAM"," ","CLAM"," "," "," "," "," "," "," "," "," "," "
"119","moldova"," "," "," "," "," "," "," "," "," "," "," "," "," "," "," "," "," "," "," "," "," "," ",NA,NA,NA,"moldova"," "," "," "," "," "," "," "," "," "," "," "," "," "," "," "," ","moldova",NA,NA,NA,NA,NA,NA,NA,NA,NA,NA,NA," "," "," "," "," "," "," "," "," "," "," "," "," "," "," "," "
"120","monaco","0","1340","186","0","247","265","0","422","0","0","96","0","0","4","1","0","2","0","2","0","0","2",0,1,0,"monaco","0","1","1","0","0","0","2","1","0","1","4","2","6","2291","2291","6","monaco",0,1762,186,0,343,2,3,4,NA,9,118,"13.1111111111111","376","0.00899734143702782"," "," "," "," "," "," "," "," "," "," "," "," "," "
"121","mongolia"," "," "," "," "," "," "," "," "," "," "," "," "," "," "," "," "," "," "," "," "," "," ",NA,NA,NA,"mongolia"," "," "," "," "," "," "," "," "," "," "," "," "," "," "," "," ","mongolia",NA,NA,NA,NA,NA,NA,0,2,NA,1,15,"15","14","0.000208248627358322"," "," "," "," "," "," "," "," "," "," "," "," "," "
"122","montenegro"," "," "," "," "," "," "," "," "," "," "," "," "," "," "," "," "," "," "," "," "," "," ",NA,NA,NA,"montenegro"," "," "," "," "," "," "," "," "," "," "," "," "," "," "," "," ","montenegro",NA,NA,NA,NA,NA,NA,NA,NA,NA,11,41,"3.72727272727273","560","0.00702969533107463"," "," "," "," "," "," "," "," "," "," "," "," "," "
"123","morocco","135","1596","127","72","1472","321","24","516","251","288","1178","60","1","0","1","1","2","1","0","0","0","1",0,0,0,"morocco","0","0","1","0","0","0","0","1","0","0","1","1","2","358","9333","8","African Group",159,2112,378,360,2650,20,2,2,NA,26,151,"5.80769230769231","1358","0.0264849892765079","African Group"," "," "," "," "," "," ","African Group"," "," "," "," "," "
"124","mozambique","1412","1596","996","743","1472"," ","881","516","251","288","1178"," "," "," "," "," "," "," "," "," "," "," ",NA,NA,NA,"mozambique"," "," "," "," "," "," "," "," "," "," "," "," "," "," ","9333","8","African Group",2293,2112,1247,1031,2650,9,1,4,NA,4,32,"8","130","0.00261386814873721","African Group"," "," "," "," "," "," ","African Group"," "," "," "," "," "
"125","myanmar","0","0","0","0","0","192","0","0","0","0","0","218","0","0","0","0","1","0","0","0","0","1",0,0,0,"myanmar","0","0","0","0","1","0","0","0","0","0","0","1","1","0","0","0","myanmar",0,0,0,0,0,3,1,2,NA,1,28,"28","128","0.00159729510484344"," "," "," "," "," "," "," "," "," "," "," "," "," "
"126","namibia","1412","1596","996","743","1472"," ","881","516","251","288","1178"," "," "," "," "," "," "," "," "," "," "," ",NA,NA,NA,"namibia"," "," "," "," "," "," "," "," "," "," "," "," "," "," ","9333","8","African Group",2293,2112,1247,1031,2650,19,0,0,NA,2,66,"33","80","0.00123135137468981","African Group"," "," "," "," "," "," ","African Group"," "," "," "," "," "
"127","nauru","386","3083","1186","1564","2472","553","1029","954","483","770","2021","0","1","0","0","0","8","0","0","0","0","19",0,0,0,"PSIDS","1","0","0","0","5","1","0","0","0","5","6","6","12","4879","5","0","PSIDS",1415,4037,1669,2334,4493,NA,6,0,NA,NA,NA," "," "," ","AOSIS","PSIDS"," ","AOSIS"," "," "," "," "," "," "," "," "," "
"128","nepal","205","0","0","146","0","0","0","0","0","0","0","0","1","0","0","1","0","0","0","0","0","0",0,0,0,"nepal"," "," "," "," "," "," "," "," "," "," "," "," "," ","351","0","0","nepal",205,0,0,146,0,8,3,5,NA,4,34,"8.5","23","0.000275677877891046"," "," "," "," "," "," "," "," "," "," "," "," "," "
"129","netherlands","2305","2779","3290","1618","2620"," ","1200","743","1796","802","2991"," "," "," "," "," "," "," "," "," "," "," ",NA,NA,NA,"netherlands"," "," "," "," "," "," "," "," "," "," "," "," "," "," ","20144","37","eu",3505,3522,5086,2420,5611,8,9,9,NA,325,12409,"38.1815384615385","7477","0.174378386155897","EU"," "," "," "," "," "," "," "," ","EU"," "," "," "
"130","new zealand","294","1084","1356","307","1228","0","268","408","5719","230","1854","48","2","4","6","2","6","5","5","5","4","20",0,0,0,"new zealand","2","3","2","0","2","2","3","1","0","2","8","9","17","12748","12748","17","new zealand",562,1492,7075,537,3082,7,8,6,NA,490,13719,"27.9979591836735","5228","0.13914663241673"," "," "," "," "," "," "," "," "," "," "," "," "," "
"131","nicaragua","0","0","0","0","0","98","0","0","0","0","186","0","0","0","0","0","1","0","1","0","0","2",0,0,0,"nicaragua","0","0","0","0","1","0","0","0","0","1","1","1","2","186","186","2","nicaragua",0,0,0,0,186,1,4,2,NA,4,10,"2.5","133","0.00558764564032442"," "," "," "," "," "," "," "," "," "," "," "," "," "
"132","niger","1412","1596","996","743","1472"," ","881","516","251","288","1178"," "," "," "," "," "," "," "," "," "," "," ",NA,NA,NA,"niger"," "," "," "," "," "," "," "," "," "," "," "," "," "," ","9333","8","African Group",2293,2112,1247,1031,2650,7,0,0,NA,NA,NA," "," "," ","African Group"," "," "," "," "," "," ","African Group"," "," "," "," "," "
"133","nigeria","1412","180","576","444","1472","0","99","516","129","373","797","217","0","1","2","1","0","1","0","1","3","11",0,0,0,"nigeria","0","0","0","0","1","0","0","0","0","0","0","1","1","2598","9333","8","African Group",1511,696,705,817,2269,33,4,14,NA,14,28,"2","51","0.00115817653658472","African Group"," "," "," "," "," "," ","African Group"," "," "," "," "," "
"134","norway","1125","2735","2403","1355","1608","877","414","1153","836","283","1768","778","4","4","6","4","6","7","6","5","5","21",2,1,1,"norway","2","6","2","0","6","2","5","0","0","4","11","16","27","13680","13680","27","norway",1539,3888,3239,1638,3376,18,10,7,NA,310,8723,"28.1387096774194","7189","0.164315949768324"," "," "," "," "," "," "," "," "," "," "," "," "," "
"135","oman"," "," "," "," "," "," "," "," "," "," "," "," "," "," "," "," "," "," "," "," "," "," ",NA,NA,NA,"oman"," "," "," "," "," "," "," "," "," "," "," "," "," "," "," "," ","oman",NA,NA,NA,NA,NA,9,3,0,NA,13,225,"17.3076923076923","259","0.0061273447705938"," "," "," "," "," "," "," "," "," "," "," "," "," "
"136","pakistan"," "," "," "," "," "," "," "," "," "," "," "," "," "," "," "," "," "," "," "," "," "," ",NA,NA,NA,"pakistan"," "," "," "," "," "," "," "," "," "," "," "," "," "," "," "," ","pakistan",NA,NA,NA,NA,NA,NA,NA,NA,NA,35,152,"4.34285714285714","81","0.00135203260400039"," "," "," "," "," "," "," "," "," "," "," "," "," "
"137","palau","383","215","1572","782","962","0","615","638","1117","222","243","0","0","1","0","0","0","0","0","0","0","0",0,0,0,"palau","0","1","0","0","0","0","1","0","0","0","1","1","2","215","4381","10","AOSIS",998,853,2689,1004,1205,3,2,4,NA,4,266,"66.5","62","0.00190343129334924","AOSIS"," "," ","AOSIS"," "," "," "," "," "," "," "," "," "
"138","palestine","519","607","501","354","400","793","805","342","541","595","2330","1292","4","5","6","4","9","13","3","7","7","39",0,0,0,"G77/China","0","0","1","0","8","0","0","1","0","7","8","9","17","6994","6994","17","G77/China",1324,949,1042,949,2730,NA,NA,NA,NA,NA,NA," "," "," "," "," "," "," "," "," "," "," "," "," "," "," "," "
"139","panama","748","1204"," ","539","1387"," ","872","210","565","315","1977"," "," "," "," "," "," "," "," "," "," "," ",NA,NA,NA,"CLAM"," "," "," "," "," "," "," "," "," "," "," "," "," "," ","13452","21","CLAM",1620,1414,NA,854,3364,7,3,3,NA,29,762,"26.2758620689655","772","0.0253849428118568","CLAM"," ","CLAM"," "," "," "," "," "," "," "," "," "," "
"140","papua new guinea","1104","320","469","782","240","0","615","638","1117","222","243","0","3","1","2","0","1","0","0","0","0","0",0,1,0,"papua new guinea","1","0","2","0","0","1","0","2","0","0","3","3","6","2133","4381","10","AOSIS",1719,958,1586,1004,483,3,8,5,NA,2,49,"24.5","141","0.00361551736518944","AOSIS"," "," ","AOSIS"," "," "," "," "," "," "," "," "," "
"141","paraguay","420","92","0","219","0","438","0","0","0","0","80","408","2","1","0","2","2","0","0","0","0","2",0,0,0,"paraguay","0","0","0","1","1","0","0","0","1","1","2","2","4","811","811","4","paraguay",420,92,0,219,80,8,5,4,NA,2,1,"0.5","48","0.000920746458761207"," "," "," "," "," "," "," "," "," "," "," "," "," "
"142","peru","748","1204","1433","208","1387","240","872","210","565","315","1977","73","0","0","0","1","2","0","0","0","0","1",0,0,0,"CLAM","0","0","0","1","0","0","0","0","1","0","1","1","2","208","13452","21","CLAM",1620,1414,1998,523,3364,5,3,3,NA,7,86,"12.2857142857143","463","0.0106160435238547","CLAM"," ","CLAM"," "," "," "," "," "," "," "," "," "," "
"143","philippines","432","370","486","398","452","203","544","340","440","173","407","160","2","4","5","4","5","8","3","5","2","11",0,0,0,"philippines","0","3","1","0","1","0","4","1","0","1","6","5","11","4042","4042","11","philippines",976,710,926,571,859,31,23,19,NA,102,2042,"20.0196078431373","1800","0.0429083071297523"," "," "," "," "," "," "," "," "," "," "," "," "," "
"144","poland","2305","2779","3290","1618","2620"," ","1200","743","1796","802","2991"," "," "," "," "," "," "," "," "," "," "," ",NA,NA,NA,"poland"," "," "," "," "," "," "," "," "," "," "," "," "," "," ","20144","37","eu",3505,3522,5086,2420,5611,4,4,3,NA,220,2054,"9.33636363636364","2880","0.0601565249059806","EU"," "," "," "," "," "," "," "," ","EU"," "," "," "
"145","portugal","2305","2779","3290","1618","2620"," ","1200","743","1796","802","2991"," "," "," "," "," "," "," "," "," "," "," ",NA,NA,NA,"portugal"," "," "," "," "," "," "," "," "," "," "," "," "," "," ","20144","37","eu",3505,3522,5086,2420,5611,5,3,6,NA,481,8311,"17.2785862785863","8930","0.193429544505891","EU"," "," "," "," "," "," "," "," ","EU"," "," "," "
"146","qatar"," "," "," "," "," "," "," "," "," "," "," "," "," "," "," "," "," "," "," "," "," "," ",NA,NA,NA,"qatar"," "," "," "," "," "," "," "," "," "," "," "," "," "," "," "," ","qatar",NA,NA,NA,NA,NA,8,0,0,NA,8,28,"3.5","109","0.00289079554763889"," "," "," "," "," "," "," "," "," "," "," "," "," "
"147","republic of congo","1412","1596","996","743","1472"," ","881","516","251","288","1178"," "," "," "," "," "," "," "," "," "," "," ",NA,NA,NA,"republic of congo"," "," "," "," "," "," "," "," "," "," "," "," "," "," ","9333","8","African Group",2293,2112,1247,1031,2650,NA,NA,NA,NA,NA,NA," "," "," ","African Group"," "," "," "," "," "," ","African Group"," "," "," "," "," "
"148","republic of korea","483","189","397","450","56","238","313","269","307","119","834","302","6","4","5","4","3","6","3","4","4","22",0,0,1,"republic of korea","0","3","1","0","1","0","3","1","0","1","5","5","10","3417","3417","10","republic of korea",796,458,704,569,890,60,15,15,NA,NA,NA," "," "," "," "," "," "," "," "," "," "," "," "," "," "," "," "
"149","romania","2305","2779","3290","1618","2620"," ","1200","743","1796","802","2991"," "," "," "," "," "," "," "," "," "," "," ",NA,NA,NA,"romania"," "," "," "," "," "," "," "," "," "," "," "," "," "," ","20144","37","eu",3505,3522,5086,2420,5611,7,5,7,NA,54,137,"2.53703703703704","584","0.00597263146930149","EU"," "," "," "," "," "," "," "," ","EU"," "," "," "
"150","russian federation","909","2489","1139","816","1117","93","727","796","1378","106","1899","293","4","4","5","4","6","6","2","6","4","22",0,0,0,"russian federation","2","3","3","0","3","2","3","3","0","2","10","11","21","11376","11376","21","russian federation",1636,3285,2517,922,3016,2,7,14,NA,NA,NA," "," "," "," "," "," "," "," "," "," "," "," "," "," "," "," "
"151","rwanda","1412","1596","996","743","1472"," ","881","516","251","288","1178"," "," "," "," "," "," "," "," "," "," "," ",NA,NA,NA,"rwanda"," "," "," "," "," "," "," "," "," "," "," "," "," "," ","9333","8","African Group",2293,2112,1247,1031,2650,2,0,0,NA,1,10,"10","2","2.49995065765299e-05","African Group"," "," "," "," "," "," ","African Group"," "," "," "," "," "
"152","saint helena"," "," "," "," "," "," "," "," "," "," "," "," "," "," "," "," "," "," "," "," "," "," ",NA,NA,NA,"saint helena"," "," "," "," "," "," "," "," "," "," "," "," "," "," "," "," ","saint helena",NA,NA,NA,NA,NA,NA,NA,NA,NA,NA,NA," "," "," "," "," "," "," "," "," "," "," "," "," "," "," "," "
"153","saint kitts and nevis"," "," "," "," "," "," "," "," "," "," "," "," "," "," "," "," "," "," "," "," "," "," ",NA,NA,NA,"saint kitts and nevis"," "," "," "," "," "," "," "," "," "," "," "," "," "," "," "," ","saint kitts and nevis",NA,NA,NA,NA,NA,2,3,0,NA,NA,NA," "," "," "," "," "," "," "," "," "," "," "," "," "," "," "," "
"154","saint lucia","1724"," ","1572","659","1411","0","615"," ","1117","222","401","0","0","0","0","0","0","0","0","0","6","7",0,0,0,"CARICOM","0","0","0","0","1","0","0","0","0","1","1","1","2","623","9787","24","CARICOM",2339,NA,2689,881,1812,1,2,2,NA,1,0,"0","11","0.000432878873819445","CARICOM"," "," ","AOSIS","CARICOM"," "," "," "," "," "," "," "," "
"155","saint vincent and the grenadines"," "," "," "," "," "," "," "," "," "," "," "," "," "," "," "," "," "," "," "," "," "," ",NA,NA,NA,"saint vincent and the grenadines"," "," "," "," "," "," "," "," "," "," "," "," "," "," "," "," ","saint vincent and the grenadines",NA,NA,NA,NA,NA,1,0,5,NA,NA,NA," "," "," "," "," "," "," "," "," "," "," "," "," "," "," "," "
"156","samoa","272","3083","1186","1564","57","0","1029","954","483","770","2021","0","2","2","0","0","1","0","0","0","0","0",0,0,0,"samoa","1","0","0","0","0","1","0","0","0","0","1","1","2","329","5","0","PSIDS",1301,4037,1669,2334,2078,5,1,6,NA,NA,NA," "," "," ","AOSIS","PSIDS"," ","AOSIS"," "," "," "," "," "," "," "," "," "
"157","san marino"," "," "," "," "," "," "," "," "," "," "," "," "," "," "," "," "," "," "," "," "," "," ",NA,NA,NA,"san marino"," "," "," "," "," "," "," "," "," "," "," "," "," "," "," "," ","san marino",NA,NA,NA,NA,NA,NA,NA,NA,NA,NA,NA," "," "," "," "," "," "," "," "," "," "," "," "," "," "," "," "
"158","sao tome and principe","383","1373","1572","782","962"," ","615","638","1117","222","243"," "," "," "," "," "," "," "," "," "," "," ",NA,NA,NA,"sao tome and principe"," "," "," "," "," "," "," "," "," "," "," "," "," "," ","4381","10","AOSIS",998,2011,2689,1004,1205,NA,NA,NA,NA,NA,NA," "," "," ","AOSIS"," "," ","AOSIS"," "," "," "," "," "," "," "," "," "
"159","saudi arabia"," "," "," "," "," "," "," "," "," "," "," "," "," "," "," "," "," "," "," "," "," "," ",NA,NA,NA,"saudi arabia"," "," "," "," "," "," "," "," "," "," "," "," "," "," "," "," ","saudi arabia",NA,NA,NA,NA,NA,NA,NA,NA,NA,88,832,"9.45454545454546","1280","0.0310590364342674"," "," "," "," "," "," "," "," "," "," "," "," "," "
"160","senegal","1412","147","996","221","134","155","149","184","131","288","403","375","0","1","0","1","3","2","1","2","0","5",0,0,0,"senegal","0","1","0","0","0","0","1","0","0","0","1","1","2","1369","9333","8","African Group",1561,331,1127,509,537,11,0,0,NA,11,47,"4.27272727272727","338","0.00642777515991868","African Group"," "," "," "," "," "," ","African Group"," "," "," "," "," "
"161","serbia"," "," "," "," "," "," "," "," "," "," "," "," "," "," "," "," "," "," "," "," "," "," ",NA,NA,NA,"serbia"," "," "," "," "," "," "," "," "," "," "," "," "," "," "," "," ","serbia",NA,NA,NA,NA,NA,2,3,0,NA,7,19,"2.71428571428571","249","0.00238056340308774"," "," "," "," "," "," "," "," "," "," "," "," "," "
"162","seychelles","94","211","996","64","1472","0","22","516","560","288","1178","0","1","1","0","1","0","1","0","4","0","0",1,0,0,"seychelles","0","0","2","0","0","0","0","2","0","0","2","2","4","951","9333","8","African Group",116,727,1556,352,2650,7,4,4,NA,8,131,"16.375","194","0.00476307902753701","African Group"," "," ","AOSIS"," "," "," ","African Group"," "," "," "," "," "
"163","sierra leone","1412","1596","996","743","1472","183","881","516","251","288","1178","311","0","0","0","0","1","0","0","0","0","1",0,0,0,"sierra leone","0","0","0","0","1","0","0","0","0","1","1","1","2","0","9333","8","African Group",2293,2112,1247,1031,2650,1,3,4,NA,NA,NA," "," "," ","African Group"," "," "," "," "," "," ","African Group"," "," "," "," "," "
"164","singapore","970","1239","1081","816","929","0","406","450","692","101","285","269","3","4","4","4","4","2","2","4","1","5",0,0,1,"singapore","4","1","0","0","1","3","1","0","0","1","5","6","11","6969","4381","10","AOSIS",1376,1689,1773,917,1214,2,9,10,NA,93,1272,"13.6774193548387","1390","0.0301454633291635","AOSIS"," "," ","AOSIS"," "," "," "," "," "," "," "," "," "
"165","slovakia","2305","2779","3290","1618","2620"," ","1200","743","1796","802","2991"," "," "," "," "," "," "," "," "," "," "," ",NA,NA,NA,"slovakia"," "," "," "," "," "," "," "," "," "," "," "," "," "," ","20144","37","eu",3505,3522,5086,2420,5611,7,5,5,NA,9,42,"4.66666666666667","407","0.00459916574193315","EU"," "," "," "," "," "," "," "," ","EU"," "," "," "
"166","slovenia","2305","2779","3290","1618","2620"," ","1200","743","1796","802","2991"," "," "," "," "," "," "," "," "," "," "," ",NA,NA,NA,"slovenia"," "," "," "," "," "," "," "," "," "," "," "," "," "," ","20144","37","eu",3505,3522,5086,2420,5611,3,3,2,NA,31,769,"24.8064516129032","1163","0.0142551522024535","EU"," "," "," "," "," "," "," "," ","EU"," "," "," "
"167","solomon islands","2321","3083","1186","1564","2472","0","1029","954","483","770","2021","0","0","0","6","0","0","0","0","4","0","0",0,0,0,"PSIDS","0","0","4","0","0","0","0","4","0","0","4","4","8","1669","18670","53","PSIDS",3350,4037,1669,2334,4493,1,7,0,NA,2,18,"9","85","0.00152278103849471","AOSIS","PSIDS"," ","AOSIS"," "," "," "," "," "," "," "," "," "
"168","somalia","1412","1596","996","743","1472"," ","881","516","251","288","1178"," "," "," "," "," "," "," "," "," "," "," ",NA,NA,NA,"somalia"," "," "," "," "," "," "," "," "," "," "," "," "," "," ","9333","8","African Group",2293,2112,1247,1031,2650,2,0,0,NA,NA,NA," "," "," ","African Group"," "," "," "," "," "," ","African Group"," "," "," "," "," "
"169","south africa","1412","1596","996","743","1472","0","881","516","251","288","245","158","0","0","0","0","0","0","0","0","0","2",0,1,0,"south africa"," "," "," "," "," "," "," "," "," "," "," "," "," ","245","9333","8","African Group",2293,2112,1247,1031,1717,62,4,4,NA,382,7462,"19.5340314136126","5786","0.152977582830577","African Group"," "," "," "," "," "," ","African Group"," "," "," "," "," "
"170","south sudan","1412","1596","996","743","1472"," ","881","516","251","288","1178"," "," "," "," "," "," "," "," "," "," "," ",NA,NA,NA,"south sudan"," "," "," "," "," "," "," "," "," "," "," "," "," "," ","9333","8","African Group",2293,2112,1247,1031,2650,NA,NA,NA,NA,NA,NA," "," "," ","African Group"," "," "," "," "," "," ","African Group"," "," "," "," "," "
"171","spain","2305","2779","3290","1618","2620"," ","1200","743","1796","802","2991"," "," "," "," "," "," "," "," "," "," "," ",NA,NA,NA,"spain"," "," "," "," "," "," "," "," "," "," "," "," "," "," ","20144","37","eu",3505,3522,5086,2420,5611,16,9,9,NA,975,23582,"24.1866666666667","14761","0.297977865397845","EU"," "," "," "," "," "," "," "," ","EU"," "," "," "
"172","sri lanka","71","106","123","170","223","0","454","96","54","0","450","63","1","1","1","1","1","6","1","1","2","11",0,0,0,"sri lanka","2","1","0","0","2","0","1","0","0","1","2","5","7","1747","1747","7","sri lanka",525,202,177,170,673,2,4,4,NA,9,93,"10.3333333333333","290","0.00704317841698336"," "," "," "," "," "," "," "," "," "," "," "," "," "
"173","sudan","1412","1596","996","743","1472","273","881","516","251","288","1178","147","0","0","0","0","1","0","0","0","0","1",0,0,0,"sudan"," "," "," "," "," "," "," "," "," "," "," "," "," ","0","9333","8","African Group",2293,2112,1247,1031,2650,2,2,3,NA,1,3,"3","42","0.000614837160506095","African Group"," "," "," "," "," "," ","African Group"," "," "," "," "," "
"174","suriname","1724"," ","1572","659","1411"," ","615"," ","1117","222","1589"," "," "," "," "," "," "," "," "," "," "," ",NA,NA,NA,"suriname"," "," "," "," "," "," "," "," "," "," "," "," "," "," ","9787","24","CARICOM",2339,NA,2689,881,3000,2,2,2,NA,NA,NA," "," "," ","CARICOM"," "," ","AOSIS","CARICOM"," "," "," "," "," "," "," "," "
"175","swaziland","1412","1596","996","743","1472"," ","881","516","251","288","1178"," "," "," "," "," "," "," "," "," "," "," ",NA,NA,NA,"swaziland"," "," "," "," "," "," "," "," "," "," "," "," "," "," ","9333","8","African Group",2293,2112,1247,1031,2650,NA,NA,NA,NA,1,11,"11"," "," ","African Group"," "," "," "," "," "," ","African Group"," "," "," "," "," "
"176","sweden","2305","2779","3290","1618","2620","0","1200","743","1796","802","2991","0","0","0","0","0","0","0","0","0","0","0",1,0,1,"sweden"," "," "," "," "," "," "," "," "," "," "," "," "," ","0","20144","37","eu",3505,3522,5086,2420,5611,18,7,7,NA,338,15105,"44.689349112426","5093","0.118911546443247","EU"," "," "," "," "," "," "," "," ","EU"," "," "," "
"177","switzerland","400","612","377","257","152","0","764","251","368","199","1388","62","4","3","4","2","4","8","3","5","5","23",0,0,0,"switzerland","1","0","2","0","1","1","1","2","0","1","5","4","9","4768","4768","9","switzerland",1164,863,745,456,1540,14,14,14,NA,167,6178,"36.9940119760479","5087","0.129390306385261"," "," "," "," "," "," "," "," "," "," "," "," "," "
"178","syrian arabic republic","0","0","0","0","0","200","0","0","0","0","0","0","0","0","0","0","1","0","0","0","0","0",0,0,0,"syrian arabic republic"," "," "," "," "," "," "," "," "," "," "," "," "," ","0","0"," ","syrian arabic republic",0,0,0,0,0,NA,NA,NA,NA,NA,NA," "," "," "," "," "," "," "," "," "," "," "," "," "," "," "," "
"179","taiwan"," "," "," "," "," "," "," "," "," "," "," "," "," "," "," "," "," "," "," "," "," "," ",NA,NA,NA,"taiwan"," "," "," "," "," "," "," "," "," "," "," "," "," "," "," "," ","taiwan",NA,NA,NA,NA,NA,NA,NA,NA,NA,138,1946,"14.1014492753623","2214","0.0543743960706379"," "," "," "," "," "," "," "," "," "," "," "," "," "
"180","tajikistan"," "," "," "," "," "," "," "," "," "," "," "," "," "," "," "," "," "," "," "," "," "," ",NA,NA,NA,"tajikistan"," "," "," "," "," "," "," "," "," "," "," "," "," "," ","2398","10","Non UNCLOS Party",NA,NA,NA,NA,NA,4,0,0,NA,NA,NA," "," "," "," "," "," "," "," "," ","Non UNCLOS Party"," "," "," "," "," "," "
"181","tanzania","1412","1596","996","743","1472","155","881","516","251","288","1178","0","0","0","0","0","1","0","0","0","0","0",0,0,0,"tanzania"," "," "," "," "," "," "," "," "," "," "," "," "," ","0","9333","8","African Group",2293,2112,1247,1031,2650,NA,NA,NA,NA,20,304,"15.2","334","0.00707400496379663","African Group"," "," "," "," "," "," ","African Group"," "," "," "," "," "
"182","thailand","273","150","0","128","228","233","0","0","0","0","111","188","5","2","0","1","3","1","2","1","0","3",0,0,0,"thailand","0","2","0","0","5","0","1","0","0","4","5","7","12","890","890","12","thailand",273,150,0,128,339,42,8,4,NA,83,798,"9.6144578313253","970","0.0152035946793946"," "," "," "," "," "," "," "," "," "," "," "," "," "
"183","timor-leste","383","1373","1572","782","962"," ","615","638","1117","222","243"," "," "," "," "," "," "," "," "," "," "," ",NA,NA,NA,"timor-leste"," "," "," "," "," "," "," "," "," "," "," "," "," "," ","4381","10","AOSIS",998,2011,2689,1004,1205,NA,NA,NA,NA,NA,NA," "," "," ","AOSIS"," "," ","AOSIS"," "," "," "," "," "," "," "," "," "
"184","togo","1412","475","996","345","9","613","157","516","251","60","111","0","0","2","0","2","3","3","0","0","2","2",0,0,0,"togo","0","1","0","0","0","0","1","0","0","0","1","1","2","1157","9333","8","African Group",1569,991,1247,405,120,2,4,6,NA,NA,NA," "," "," ","African Group"," "," "," "," "," "," ","African Group"," "," "," "," "," "
"185","tonga","766","65","1186","1564","2472","0","1029","954","483","770","2021","0","5","1","0","0","1","0","0","0","0","0",0,0,0,"tonga","1","0","0","0","0","1","0","0","0","0","1","1","2","831","18670","53","PSIDS",1795,1019,1669,2334,4493,4,8,8,NA,NA,NA," "," "," ","AOSIS","PSIDS"," ","AOSIS"," "," "," "," "," "," "," "," "," "
"186","trinidad and tobago","1724"," ","1572","659","1411","0","615"," ","1117","222","1589","0","0","0","6","0","0","0","0","8","0","0",0,0,0,"CARICOM","0","0","4","0","0","0","0","3","0","0","3","4","7","2689","9787","24","CARICOM",2339,NA,2689,881,3000,1,4,5,NA,NA,NA," "," "," ","CARICOM"," "," ","AOSIS","CARICOM"," "," "," "," "," "," "," "," "
"187","tunisia","1412","1596","996","743","1472"," ","881","516","251","288","1178"," "," "," "," "," "," "," "," "," "," "," ",NA,NA,NA,"tunisia"," "," "," "," "," "," "," "," "," "," "," "," "," "," ","9333","8","African Group",2293,2112,1247,1031,2650,1,0,0,NA,87,776,"8.91954022988506","728","0.011258833377894","African Group"," "," "," "," "," "," ","African Group"," "," "," "," "," "
"188","turkey","680","544","0","0","77","374","78","326","76","0","617","487","4","4","0","0","2","2","4","1","0","14",0,0,0,"Non UNCLOS Party","1","2","0","0","1","1","4","0","0","1","6","4","10","2398","2398","10","Non UNCLOS Party",758,870,76,0,694,12,6,2,NA,233,1694,"7.27038626609442","2812","0.0338557036065816","Non UNCLOS Party"," "," "," "," "," ","Non UNCLOS Party"," "," "," "," "," "," "
"189","turkmenistan"," "," "," "," "," "," "," "," "," "," "," "," "," "," "," "," "," "," "," "," "," "," ",NA,NA,NA,"turkmenistan"," "," "," "," "," "," "," "," "," "," "," "," "," "," ","2398","10","Non UNCLOS Party",NA,NA,NA,NA,NA,1,0,0,NA,NA,NA," "," "," "," "," "," "," "," "," ","Non UNCLOS Party"," "," "," "," "," "," "
"190","tuvalu","2321","148","1186","1564","2472","0","1029","954","483","770","358","816","0","1","0","7","0","0","0","0","6","10",0,0,0,"PSIDS","0","0","0","3","2","0","0","0","3","1","4","5","9","2840","5","0","PSIDS",3350,1102,1669,2334,2830,3,0,3,NA,NA,NA," "," "," ","AOSIS","PSIDS"," ","AOSIS"," "," "," "," "," "," "," "," "," "
"191","uganda","1412","1596","996","743","1472","231","881","516","251","288","1178","0","0","0","0","0","1","0","0","0","0","0",0,0,0,"uganda"," "," "," "," "," "," "," "," "," "," "," "," "," ","0","9333","8","African Group",2293,2112,1247,1031,2650,28,0,0,NA,3,21,"7","54","0.000763940199644996","African Group"," "," "," "," "," "," ","African Group"," "," "," "," "," "
"192","ukraine"," "," "," "," "," "," "," "," "," "," "," "," "," "," "," "," "," "," "," "," "," "," ",NA,NA,NA,"ukraine"," "," "," "," "," "," "," "," "," "," "," "," "," "," "," "," ","ukraine",NA,NA,NA,NA,NA,1,0,0,NA,37,161,"4.35135135135135","1277","0.0202286071066085"," "," "," "," "," "," "," "," "," "," "," "," "," "
"193","united arab emirates"," "," "," "," "," "," "," "," "," "," "," "," "," "," "," "," "," "," "," "," "," "," ",NA,NA,NA,"united arab emirates"," "," "," "," "," "," "," "," "," "," "," "," "," "," "," "," ","united arab emirates",NA,NA,NA,NA,NA,6,6,0,NA,12,119,"9.91666666666667","425","0.00995440746418868"," "," "," "," "," "," "," "," "," "," "," "," "," "
"194","united kingdom","2305","2779","3290","1618","2620"," ","1200","743","1796","802","2991"," "," "," "," "," "," "," "," "," "," "," ",NA,NA,NA,"united kingdom","0","0","0","0","1","0","0","0","0","1","1","1","2"," ","20144","37","eu",3505,3522,5086,2420,5611,NA,NA,NA,NA,NA,NA," "," "," ","EU"," "," "," "," "," "," "," "," ","EU"," "," "," "
"195","uruguay","748","1204","1433","539","1387","0","872","210","565","315","1977","393","0","0","6","0","0","0","0","2","0","2",0,0,0,"CLAM","0","0","1","0","0","0","0","1","0","0","1","1","2","1998","13452","21","CLAM",1620,1414,1998,854,3364,4,7,5,NA,33,873,"26.4545454545455","815","0.0179180144064475","CLAM"," ","CLAM"," "," "," "," "," "," "," "," "," "," "
"196","usa","1303","2211","2126","1057","1764","316","807","760","1381","787","2684","439","4","4","6","4","9","10","3","6","6","28",0,0,0,"usa","4","4","3","0","4","3","3","2","1","4","13","15","28","14880","14880","28","usa",2110,2971,3507,1844,4448,NA,NA,NA,NA,4563,228086,"49.9859741398203","57107","1"," "," "," "," "," "," "," "," "," "," "," "," "," "
"197","uzbekistan"," "," "," "," "," "," "," "," "," "," "," "," "," "," "," "," "," "," "," "," "," "," ",NA,NA,NA,"uzbekistan"," "," "," "," "," "," "," "," "," "," "," "," "," "," ","2398","10","Non UNCLOS Party",NA,NA,NA,NA,NA,NA,NA,NA,NA,2,47,"23.5","30","0.000391389281938986"," "," "," "," "," "," ","Non UNCLOS Party"," "," "," "," "," "," "
"198","vanuatu","2321","190","1186","221","2472","0","1029","954","483","770","2021","0","0","1","0","1","0","0","0","0","0","0",0,0,0,"vanuatu","0","1","0","0","0","0","1","0","0","0","1","1","2","411","5","0","PSIDS",3350,1144,1669,991,4493,NA,4,0,NA,1,13,"13","13","0.000306122457613421","AOSIS","PSIDS"," ","AOSIS"," "," "," "," "," "," "," "," "," "
"199","venezuela","0","0","0","0","0","274","0","0","0","0","0","0","0","0","0","0","1","0","0","0","0","0",0,0,0,"Non UNCLOS Party"," "," "," "," "," "," "," "," "," "," "," "," "," ","0","2398","10","Non UNCLOS Party",0,0,0,0,0,3,4,5,NA,30,495,"16.5","804","0.0217430023051163","Non UNCLOS Party"," "," "," "," "," ","Non UNCLOS Party"," "," "," "," "," "," "
"200","viet nam","381","0","0","0","0","180","0","0","0","0","0","0","2","0","0","0","1","0","0","0","0","0",0,0,0,"viet nam"," "," "," "," "," "," "," "," "," "," "," "," "," ","381","381"," ","viet nam",381,0,0,0,0,NA,NA,NA,NA,NA,NA," "," "," "," "," "," "," "," "," "," "," "," "," "," "," "," "
"201","yemen"," "," "," "," "," "," "," "," "," "," "," "," "," "," "," "," "," "," "," "," "," "," ",NA,NA,NA,"yemen"," "," "," "," "," "," "," "," "," "," "," "," "," "," ","0","0","yemen",NA,NA,NA,NA,NA,2,0,0,NA,2,16,"8","27","0.000390305225927029"," "," "," "," "," "," "," "," "," "," "," "," "," "
"202","zambia","1412","1596","996","743","1472"," ","881","516","251","288","1178"," "," "," "," "," "," "," "," "," "," "," ",NA,NA,NA,"zambia"," "," "," "," "," "," "," "," "," "," "," "," "," "," ","9333","8","African Group",2293,2112,1247,1031,2650,6,0,0,NA,NA,NA," "," "," ","African Group"," "," "," "," "," "," ","African Group"," "," "," "," "," "
"203","zimbabwe","1412","1596","996","743","1472"," ","881","516","251","288","1178"," "," "," "," "," "," "," "," "," "," "," ",NA,NA,NA,"zimbabwe"," "," "," "," "," "," "," "," "," "," "," "," "," "," ","9333","8","African Group",2293,2112,1247,1031,2650,10,0,0,NA,1,10,"10","16","0.000257785819039131","African Group"," "," "," "," "," "," ","African Group"," "," "," "," "," "
